INSERT INTO questions(id, is_common, content_en, content_cz, specification) VALUES
	(1, true, 'Has your company experience in working with academic subjects (universities, colleges)?', 'Má-li Vaše firma zkušenost se spoluprací s akademickými subjekty (univerzity, vysoké školy)?', NULL),
	(2, true, 'When was the last such cooperation?', 'Kdy taková spolupráce naposledy probíhala?', NULL),
	(3, true, 'How did this cooperation went (is going) and how do you feel about it?', ' Jak tato spolupráce dopadla/probíhá a jaký z ní máte pocit?', NULL),
	(4, true, 'Do employees, who actively participated in this cooperation, still working in your firm?', 'Jsou ve firmě stále zaměstnanci, kteří se této spolupráce aktivně účastnili?', NULL),
	(5, true, 'At what level did this cooperation take place?', 'Na jaké úrovní tato spolupráce proběhla?', NULL),
	(6, true, 'Do you keep track of the projects your company is working on?', 'Evidujete informaci o projektech, na kterých spolupracuje vaše firma?', NULL),
	(7, true, 'What output do you expect from working with the university?', 'Jaký výstup očekáváte od spolupráce s univerzitou?', NULL),
	(8, true, 'Do you have a person in your company who will be responsible for cooperation with the university on your side (contact person)?', 'Máte-li ve firmě člověka, který bude odpovědný za spolupráci s univerzitou na straně vaší firmy (kontaktní osoba)?', NULL),
	(9, true, 'Will be the contact person able to be at the university workplace?', 'Bude-li kontaktní osoba schopna být na pracovišti univerzity?', NULL),
	(10, true, 'How much time will the contact person be able to dedicate to collaboration?', 'Kolik času bude kontaktní osoba schopna věnovat spolupráce?', NULL),
	(11, true, 'How often do you plan to conduct coordination meetings?', 'Jak často plánujete provádět koordinační schůzky?', NULL),
	(12, true, 'Do you reckone with the costs (eg money, technical equipment, technology) for cooperation?', 'Počítáte s náklady (např. peníze, technické zařízení, technologie) na spolupráci?', NULL),
	(13, true, 'How many people do you think will be involved in the cooperation?', 'Kolik lidí podle Vás bude ze strany firmy do spolupráce zahrnuto?', NULL),
	(14, true, 'Will be part of their working capacity granted for collaboration?', 'Budou mít tito zaměstnanci vyhrazenu část své pracovní kapacity pro spolupráci?', NULL),
	(15, true, 'Do employees have the necessary expertise for the cooperation?', 'Mají zaměstnanci potřebné odborné znalosti pro spolupráci?', NULL),
	(16, true, 'Who do you want to include in cooperation from university?', 'Koho chcete zahrnout do spolupráce ze strany univerzity?', NULL),
	(17, true, 'Where will the cooperation take place?', 'Kde bude spolupráce probíhat?', NULL),
	(18, true, 'How will cooperation work in terms of communication?', 'Jak bude spolupráce probíhat z hlediska komunikace?', NULL),
	(19, true, 'How long do you think the cooperation will last?', 'Jak dlouho si myslíte, že bude spolupráce probíhat?', NULL),
	(20, true, 'Do you have a clear idea of what cooperation might look like?', 'Máte jasnou představu o tom, jak by spolupráce mohla vypadat?', NULL),
	(21, false, 'Do you plan to support the university financially?', 'Plánujete-li finančně podporovat univerzitu?', 'management'),
	(22, false, 'Do you have a technical facility in your company that you would like to provide to a university?', 'Máte-li ve firmě technické zařízení, které byste chtěli poskytnout univerzitě?', 'management'),
	(23, false, 'Do you have internships for students in your company?', 'Máte-li ve firmě nabídky stáží pro studenty?', 'student mobility'),
	(24, false, 'Do you count on the risk of student work (do you mind longer delivery time and lower quality)?', 'Počítáte s rizikem práce studentu (nevadí Vám případně delší čas dodání a nižší kvalita)?', 'student mobility'),
	(25, false, 'Do you have experience with leading bachelor or master theses?', 'Máte zkušenost s vedením semestrálních, bakalářských nebo diplomových prací?', 'education;student mobility'),
	(26, false, 'Do you have projects in your company that you could offer to students as topics for semester, bachelor or diploma theses?', 'Máte-li ve firmě projekty, které byste mohli nabídnout studentům jako témata semestrálních, bakalářských nebo diplomových prací?', 'education;student mobility'),
	(27, false, 'Are you able to quickly find a replacement if the employee who led this project leaves, so that the student has no problem to finish the work (do you have sufficient capacity)?', 'Jste schopni v případě odchodu zaměstnance, který tento projekt vedl, rychle najít náhradu, aby student neměl problém dokončit práci (máte k tomu i dostatečnou kapacitu)?', 'education;student mobility'),
	(28, false, 'Are you interested in attending one-off events (eg: career fairs, competitions)?', 'Máte zájem o účast na jednorázových akcích (napr: kariérní veletrhy, soutěže)?', 'short-term cooperation'),
	(29, false, 'Which projects do you want to work on?', 'Na jakých projektech chcete pracovat?', 'research projects;commercial projects'),
	(30, false, 'If your employee leaves the company, are you able to quickly find a replacement with the same experience and dedicated capacity so there will be no time and quality changes in the project?', 'Pokud Váš zaměstnanec odejde z firmy, jste schopni rychle najít náhradu se stejnou zkušeností a vyhrazenou kapacitou, tj. nedojde k časovým a kvalitativním změnám v projektu?', 'research projects;commercial projects'),
	(31, false, 'Has your firm any scientific or research activity?', 'Dělá-li vaše firma něco v rámci vědecké nebo výzkumné činnosti?', 'education;research projects'),
	(32, false, 'Can you lead the whole subject at the faculty?', 'Dokázali byste vést celý předmět na fakultě?', 'education'),
	(33, false, 'Do employees who lead the subject have higher education?', 'Mají zaměstnanci, kteří budou vést předmět, vyšší vzdělání?', 'education'),
	(34, false, 'Are you able to guarantee stable course management for at least 3-5 years under any conditions?', 'Jste schopni za jakýchkoliv podmínek garantovat stabilní vedení předmětu během alespoň 3-5 let?', 'education'),
	(35, false, 'Would you like to give lectures on existing subjects? (1-3 lectures per semester)', 'Chtěli byste přednášet v rámci existujících předmětů? (1-3 přednášky během semestru)', 'education'),
	(36, false, 'Do you need an expert advisor from the university in your company?', 'Pociťujete nutnost odborného poradce ze strany univerzity ve vaší firmě?', 'management;employee mobility'),
	(37, false, 'Do you have courses in your company that could be adopted for students (and that are not tied to confidentiality or corporate secrecy)?', 'Máte-li ve firmě kurzy, které by šlo přizpůsobit studentům (a které nejsou vázané na mlčenlivost nebo firemní tajemství)?', 'education;short-term cooperation'),
	(38, false, 'Do you have knowledge in your company that you would like to provide to the university for research?', 'Máte-li ve firmě znalostí, které byste chtěli poskytnout univerzitě do výzkumu?', 'management;research projects'),
	(39, false, 'Does your company require a non-disclosure agreement?', 'Vyžaduje vaše firma podpis smlouvy o mlčenlivosti?', 'education;research projects;commercial projects');

INSERT INTO answers(question_id, letter, content_en, content_cz, params) VALUES
	(1, 'a', 'Yes', 'Ano', '{"education":{"experience":6},"management":{"experience":6},"research projects":{"experience":6},"commercial projects":{"experience":6},"employee mobility":{"experience":6},"student mobility":{"experience":6},"short-term cooperation":{"experience":6}}'),
	(1, 'b', 'No, but we were part of a team that worked with the academic subject', 'Ne, ale byli jsme součástí týmu, který s akademickým subjektem spolupracoval', '{"education":{"experience":2},"management":{"experience":2},"research projects":{"experience":2},"commercial projects":{"experience":2},"employee mobility":{"experience":2},"student mobility":{"experience":2},"short-term cooperation":{"experience":2}}'),
	(1, 'c', 'No', 'Ne', '{"education":{"experience":0},"management":{"experience":0},"research projects":{"experience":0},"commercial projects":{"experience":0},"employee mobility":{"experience":0},"student mobility":{"experience":0},"short-term cooperation":{"experience":0}}'),
	(2, 'a', 'Still in progress', 'Stále probíhá', '{"education":{"experience":11},"management":{"experience":11},"research projects":{"experience":11},"commercial projects":{"experience":11},"employee mobility":{"experience":11},"student mobility":{"experience":11},"short-term cooperation":{"experience":11}}'),
	(2, 'b', 'In the last year', 'V posledním roce', '{"education":{"experience":8},"management":{"experience":8},"research projects":{"experience":8},"commercial projects":{"experience":8},"employee mobility":{"experience":8},"student mobility":{"experience":8},"short-term cooperation":{"experience":8}}'),
	(2, 'c', 'In the last two years', 'V posledních dvou letech', '{"education":{"experience":7},"management":{"experience":7},"research projects":{"experience":7},"commercial projects":{"experience":7},"employee mobility":{"experience":7},"student mobility":{"experience":7},"short-term cooperation":{"experience":7}}'),
	(2, 'd', 'In the last 5 years', 'V posledních 5 letech', '{"education":{"experience":3},"management":{"experience":3},"research projects":{"experience":3},"commercial projects":{"experience":3},"employee mobility":{"experience":3},"student mobility":{"experience":3},"short-term cooperation":{"experience":3}}'),
	(2, 'e', 'Earlier', 'Dříve', '{"education":{"experience":1},"management":{"experience":1},"research projects":{"experience":1},"commercial projects":{"experience":1},"employee mobility":{"experience":1},"student mobility":{"experience":1},"short-term cooperation":{"experience":1}}'),
	(3, 'a', 'Great - no complications, everything that was planned was accomplished', 'Výborně – žádné komplikace, vše, co bylo naplánováno, bylo dodrženo', '{"education":{"experience":6},"management":{"experience":6},"research projects":{"experience":6},"commercial projects":{"experience":6},"employee mobility":{"experience":6},"student mobility":{"experience":6},"short-term cooperation":{"experience":6}}'),
	(3, 'b', 'Well - we had some problems, but the goal was achieved', 'Dobře – měli jsme některé problémy, ale cíl byl dosažen', '{"education":{"experience":8},"management":{"experience":8},"research projects":{"experience":8},"commercial projects":{"experience":8},"employee mobility":{"experience":8},"student mobility":{"experience":8},"short-term cooperation":{"experience":8}}'),
	(3, 'c', 'Bad - we encountered problems in the course of cooperation and we were unable to achieve our goals', 'Špatně – narazili jsme na problémy v průběhu spolupráce a nepodařilo se nám dosáhnout stanovených cílů', '{"education":{"experience":4},"management":{"experience":4},"research projects":{"experience":4},"commercial projects":{"experience":4},"employee mobility":{"experience":4},"student mobility":{"experience":4},"short-term cooperation":{"experience":4}}'),
	(4, 'a', 'Yes', 'Ano', '{"education":{"experience":12},"management":{"experience":12},"research projects":{"experience":12},"commercial projects":{"experience":12},"employee mobility":{"experience":12},"student mobility":{"experience":12},"short-term cooperation":{"experience":12}}'),
	(4, 'b', 'Only part of them remained in our firm', 'Zůstala jenom část zaměstnanců', '{"education":{"experience":6},"management":{"experience":6},"research projects":{"experience":6},"commercial projects":{"experience":6},"employee mobility":{"experience":6},"student mobility":{"experience":6},"short-term cooperation":{"experience":6}}'),
	(4, 'c', 'Nobody stayed', 'Nikdo se nezůstal', '{"education":{"experience":0},"management":{"experience":0},"research projects":{"experience":0},"commercial projects":{"experience":0},"employee mobility":{"experience":0},"student mobility":{"experience":0},"short-term cooperation":{"experience":0}}'),
	(5, 'a', 'The cooperation was coordinated by senior management', 'Spolupráce byla koordinována vyšším managementem', '{"education":{"experience":7},"management":{"experience":7},"research projects":{"experience":7},"commercial projects":{"experience":7},"employee mobility":{"experience":7},"student mobility":{"experience":7},"short-term cooperation":{"experience":7}}'),
	(5, 'b', 'It was individual concerns of some employees', 'Šlo spíše o individuální záležitost jednotlivých zaměstnanců', '{"education":{"experience":4},"management":{"experience":4},"research projects":{"experience":4},"commercial projects":{"experience":4},"employee mobility":{"experience":4},"student mobility":{"experience":4},"short-term cooperation":{"experience":4}}'),
	(6, 'a', 'Yes', 'Ano', '{"education":{"experience":6,"specificity":3},"management":{"experience":6,"specificity":2},"research projects":{"experience":6,"specificity":2},"commercial projects":{"experience":6,"specificity":2},"employee mobility":{"experience":6,"specificity":0},"student mobility":{"experience":6,"specificity":4},"short-term cooperation":{"experience":6,"specificity":0}}'),
	(6, 'b', 'No', 'Ne', '{"education":{"experience":3,"specificity":0},"management":{"experience":3,"specificity":0},"research projects":{"experience":0,"specificity":0},"commercial projects":{"experience":0,"specificity":0},"employee mobility":{"experience":3,"specificity":0},"student mobility":{"experience":3,"specificity":0},"short-term cooperation":{"experience":3,"specificity":0}}'),
	(7, 'a', 'Access to technology', 'Přístup k technologiím', '{"education":{"specificity":0,"expectations":14},"management":{"specificity":0,"expectations":5},"research projects":{"specificity":4,"expectations":16},"commercial projects":{"specificity":4,"expectations":12},"employee mobility":{"specificity":5,"expectations":16},"student mobility":{"specificity":0,"expectations":0},"short-term cooperation":{"specificity":0,"expectations":0}}'),
	(7, 'b', 'Knowledge of scientists', 'Znalosti vědců', '{"education":{"specificity":0,"expectations":10},"management":{"specificity":0,"expectations":16},"research projects":{"specificity":5,"expectations":16},"commercial projects":{"specificity":6,"expectations":16},"employee mobility":{"specificity":9,"expectations":20},"student mobility":{"specificity":0,"expectations":0},"short-term cooperation":{"specificity":0,"expectations":0}}'),
	(7, 'c', 'Job offers', 'Pracovní nabídky', '{"education":{"specificity":0,"expectations":4},"management":{"specificity":0,"expectations":8},"research projects":{"specificity":0,"expectations":4},"commercial projects":{"specificity":0,"expectations":4},"employee mobility":{"specificity":0,"expectations":0},"student mobility":{"specificity":2,"expectations":14},"short-term cooperation":{"specificity":8,"expectations":20}}'),
	(7, 'd', 'Participation in projects', 'Účast na projektech', '{"education":{"specificity":0,"expectations":4},"management":{"specificity":0,"expectations":14},"research projects":{"specificity":10,"expectations":20},"commercial projects":{"specificity":9,"expectations":20},"employee mobility":{"specificity":3,"expectations":10},"student mobility":{"specificity":0,"expectations":0},"short-term cooperation":{"specificity":0,"expectations":0}}'),
	(7, 'e', 'Training for employees', 'Školení pro zaměstnance', '{"education":{"specificity":0,"expectations":0},"management":{"specificity":0,"expectations":20},"research projects":{"specificity":2,"expectations":6},"commercial projects":{"specificity":4,"expectations":12},"employee mobility":{"specificity":9,"expectations":20},"student mobility":{"specificity":0,"expectations":0},"short-term cooperation":{"specificity":0,"expectations":0}}'),
	(7, 'f', 'Work for students', 'Práce pro studenty', '{"education":{"specificity":0,"expectations":1},"management":{"specificity":0,"expectations":0},"research projects":{"specificity":0,"expectations":0},"commercial projects":{"specificity":2,"expectations":0},"employee mobility":{"specificity":0,"expectations":0},"student mobility":{"specificity":10,"expectations":20},"short-term cooperation":{"specificity":8,"expectations":20}}'),
	(7, 'g', 'Other', 'Jiný', '{"education":{"specificity":0,"expectations":20},"management":{"specificity":0,"expectations":16},"research projects":{"specificity":0,"expectations":0},"commercial projects":{"specificity":0,"expectations":0},"employee mobility":{"specificity":0,"expectations":0},"student mobility":{"specificity":0,"expectations":0},"short-term cooperation":{"specificity":4,"expectations":13}}'),
	(8, 'a', 'Yes', 'Ano', '{"education":{"communication":19},"management":{"communication":19},"research projects":{"communication":19},"commercial projects":{"communication":19},"employee mobility":{"communication":19},"student mobility":{"communication":19},"short-term cooperation":{"communication":19}}'),
	(8, 'b', 'Not yet, but the contact person will be chosen before the cooperation begins', 'Zatím ne, ale před začátkem spolupráce bude kontaktní osoba určena', '{"education":{"communication":14},"management":{"communication":14},"research projects":{"communication":14},"commercial projects":{"communication":14},"employee mobility":{"communication":14},"student mobility":{"communication":14},"short-term cooperation":{"communication":14}}'),
	(8, 'c', 'We do not have a person who could become a contact person', 'Nemáme člověka, který by se mohl stát kontaktní osobou', '{"education":{"communication":0},"management":{"communication":0},"research projects":{"communication":0},"commercial projects":{"communication":0},"employee mobility":{"communication":0},"student mobility":{"communication":0},"short-term cooperation":{"communication":0}}'),
	(9, 'a', 'Yes', 'Ano', '{"education":{"communication":7},"management":{"communication":7},"research projects":{"communication":7},"commercial projects":{"communication":7},"employee mobility":{"communication":7},"student mobility":{"communication":7},"short-term cooperation":{"communication":7}}'),
	(9, 'b', 'We prefer the contact person to work only from the company premises', 'Preferujeme, aby kontaktní osoba pracovala jenom z prostorů firmy', '{"education":{"communication":4},"management":{"communication":7},"research projects":{"communication":2},"commercial projects":{"communication":3},"employee mobility":{"communication":7},"student mobility":{"communication":7},"short-term cooperation":{"communication":0}}'),
	(10, 'a', 'As much as needed (coordination of cooperation is the primary responsibility)', 'Tolik, kolik bude potřeba (koordinace spolupráce je primární zodpovědností)', '{"education":{"communication":10},"management":{"communication":10},"research projects":{"communication":10},"commercial projects":{"communication":10},"employee mobility":{"communication":10},"student mobility":{"communication":10},"short-term cooperation":{"communication":10}}'),
	(10, 'b', 'As much as is left (cooperation coordination is not the primary responsibility)', 'Tolik, kolik zbyde (koordinace spolupráce není primární zodpovědností)', '{"education":{"communication":3},"management":{"communication":3},"research projects":{"communication":3},"commercial projects":{"communication":3},"employee mobility":{"communication":3},"student mobility":{"communication":3},"short-term cooperation":{"communication":3}}'),
	(10, 'c', 'We do not know yet', 'Ještě nevíme', '{"education":{"communication":3},"management":{"communication":3},"research projects":{"communication":3},"commercial projects":{"communication":3},"employee mobility":{"communication":3},"student mobility":{"communication":3},"short-term cooperation":{"communication":3}}'),
	(11, 'a', 'Every week', 'Každý tyden', '{"education":{"communication":0},"management":{"communication":0},"research projects":{"communication":0},"commercial projects":{"communication":0},"employee mobility":{"communication":0},"student mobility":{"communication":0},"short-term cooperation":{"communication":0}}'),
	(11, 'b', 'Every month', 'Každý měsíc', '{"education":{"communication":7},"management":{"communication":7},"research projects":{"communication":7},"commercial projects":{"communication":7},"employee mobility":{"communication":7},"student mobility":{"communication":7},"short-term cooperation":{"communication":7}}'),
	(11, 'c', 'Once every six months', 'Jednou za půl roku', '{"education":{"communication":3},"management":{"communication":3},"research projects":{"communication":3},"commercial projects":{"communication":3},"employee mobility":{"communication":3},"student mobility":{"communication":3},"short-term cooperation":{"communication":3}}'),
	(11, 'd', 'We will agree later', 'Domluvíme se později (nezáleží)', '{"education":{"communication":6},"management":{"communication":6},"research projects":{"communication":6},"commercial projects":{"communication":6},"employee mobility":{"communication":6},"student mobility":{"communication":6},"short-term cooperation":{"communication":6}}'),
	(11, 'e', 'We are not interested (never)', 'Nemáme o to zájem (nikdy)', '{"education":{"communication":0},"management":{"communication":0},"research projects":{"communication":0},"commercial projects":{"communication":0},"employee mobility":{"communication":0},"student mobility":{"communication":0},"short-term cooperation":{"communication":0}}'),
	(12, 'a', 'We want to invest', 'Chceme investovat', '{"education":{"specificity":2,"resources":20},"management":{"specificity":10,"resources":18},"research projects":{"specificity":4,"resources":20},"commercial projects":{"specificity":8,"resources":20},"employee mobility":{"specificity":4,"resources":20},"student mobility":{"specificity":3,"resources":25},"short-term cooperation":{"specificity":0,"resources":25}}'),
	(12, 'b', 'Yes, we are able to cover the costs that may arise during the cooperation', 'Ano, jsme schopni pokrýt náklady, které mohou vzniknout během spolupráce', '{"education":{"specificity":2,"resources":20},"management":{"specificity":8,"resources":14},"research projects":{"specificity":4,"resources":20},"commercial projects":{"specificity":12,"resources":25},"employee mobility":{"specificity":6,"resources":25},"student mobility":{"specificity":3,"resources":25},"short-term cooperation":{"specificity":5,"resources":25}}'),
	(12, 'c', 'Yes, but we expect the university to participate', 'Ano, ale očekáváme finanční spoluúčast univerzity', '{"education":{"specificity":2,"resources":18},"management":{"specificity":4,"resources":8},"research projects":{"specificity":3,"resources":18},"commercial projects":{"specificity":5,"resources":7},"employee mobility":{"specificity":3,"resources":16},"student mobility":{"specificity":1,"resources":20},"short-term cooperation":{"specificity":1,"resources":5}}'),
	(12, 'd', 'No, we do not want to invest anything', 'Ne, nechceme nic investovat', '{"education":{"specificity":0,"resources":0},"management":{"specificity":0,"resources":0},"research projects":{"specificity":0,"resources":0},"commercial projects":{"specificity":0,"resources":0},"employee mobility":{"specificity":0,"resources":0},"student mobility":{"specificity":0,"resources":0},"short-term cooperation":{"specificity":0,"resources":0}}'),
	(13, 'a', 'Less than 5', 'Méně než 5', '{"education":{"specificity":2,"people":8},"management":{"specificity":2,"people":25},"research projects":{"specificity":2,"people":14},"commercial projects":{"specificity":2,"people":8},"employee mobility":{"specificity":4,"people":25},"student mobility":{"specificity":1,"people":8},"short-term cooperation":{"specificity":3,"people":25}}'),
	(13, 'b', '5-10', '5-10', '{"education":{"specificity":2,"people":10},"management":{"specificity":1,"people":20},"research projects":{"specificity":3,"people":12},"commercial projects":{"specificity":3,"people":12},"employee mobility":{"specificity":3,"people":20},"student mobility":{"specificity":2,"people":10},"short-term cooperation":{"specificity":2,"people":20}}'),
	(13, 'c', 'More than 10', 'Více než 10', '{"education":{"specificity":0,"people":8},"management":{"specificity":0,"people":12},"research projects":{"specificity":2,"people":8},"commercial projects":{"specificity":1,"people":14},"employee mobility":{"specificity":1,"people":12},"student mobility":{"specificity":0,"people":5},"short-term cooperation":{"specificity":0,"people":12}}'),
	(14, 'a', 'Yes', 'Ano', '{"education":{"people":10},"management":{"people":25},"research projects":{"people":10},"commercial projects":{"people":10},"employee mobility":{"people":25},"student mobility":{"people":15},"short-term cooperation":{"people":25}}'),
	(14, 'b', 'No', 'Ne', '{"education":{"people":0},"management":{"people":0},"research projects":{"people":0},"commercial projects":{"people":0},"employee mobility":{"people":0},"student mobility":{"people":0},"short-term cooperation":{"people":0}}'),
	(15, 'a', 'Yes', 'Ano', '{"education":{"knowledge":10},"management":{"knowledge":25},"research projects":{"knowledge":15},"commercial projects":{"knowledge":50},"employee mobility":{"knowledge":50},"student mobility":{"knowledge":50},"short-term cooperation":{"knowledge":25}}'),
	(15, 'b', 'No', 'Ne', '{"education":{"knowledge":0},"management":{"knowledge":0},"research projects":{"knowledge":0},"commercial projects":{"knowledge":10},"employee mobility":{"knowledge":10},"student mobility":{"knowledge":0},"short-term cooperation":{"knowledge":0}}'),
	(15, 'c', 'No, but we want to invest in their education', 'Ne, ale chceme investovat do jejich vzdělání', '{"education":{"knowledge":0},"management":{"knowledge":16},"research projects":{"knowledge":8},"commercial projects":{"knowledge":40},"employee mobility":{"knowledge":35},"student mobility":{"knowledge":35},"short-term cooperation":{"knowledge":0}}'),
	(16, 'a', 'Employees, rather teachers', 'Zaměstnance, spíše vyučující', '{"education":{"specificity":4},"management":{"specificity":2},"research projects":{"specificity":2},"commercial projects":{"specificity":1},"employee mobility":{"specificity":3},"student mobility":{"specificity":1},"short-term cooperation":{"specificity":0}}'),
	(16, 'b', 'Employees, rather researchers', 'Zaměstnance, spíše výzkumníky', '{"education":{"specificity":0},"management":{"specificity":2},"research projects":{"specificity":5},"commercial projects":{"specificity":4},"employee mobility":{"specificity":5},"student mobility":{"specificity":0},"short-term cooperation":{"specificity":0}}'),
	(16, 'c', 'Students', 'Studenty', '{"education":{"specificity":1},"management":{"specificity":0},"research projects":{"specificity":1},"commercial projects":{"specificity":0},"employee mobility":{"specificity":0},"student mobility":{"specificity":5},"short-term cooperation":{"specificity":1}}'),
	(16, 'd', 'Both groups', 'Obě skupiny', '{"education":{"specificity":3},"management":{"specificity":0},"research projects":{"specificity":1},"commercial projects":{"specificity":0},"employee mobility":{"specificity":0},"student mobility":{"specificity":1},"short-term cooperation":{"specificity":0}}'),
	(17, 'a', 'University premises', 'Prostory univerzity', '{"education":{"specificity":1,"resources":15},"management":{"specificity":1,"resources":5},"research projects":{"specificity":2,"resources":11},"commercial projects":{"specificity":3,"resources":16},"employee mobility":{"specificity":2,"resources":16},"student mobility":{"specificity":1,"resources":20},"short-term cooperation":{"specificity":5,"resources":25}}'),
	(17, 'b', 'Company premises', 'Prostory firmy', '{"education":{"specificity":0,"resources":4},"management":{"specificity":0,"resources":5},"research projects":{"specificity":3,"resources":12},"commercial projects":{"specificity":5,"resources":22},"employee mobility":{"specificity":6,"resources":22},"student mobility":{"specificity":3,"resources":25},"short-term cooperation":{"specificity":1,"resources":25}}'),
	(17, 'c', 'University and company premises', 'Prostory univerzity a firmy', '{"education":{"specificity":2,"resources":12},"management":{"specificity":2,"resources":5},"research projects":{"specificity":3,"resources":15},"commercial projects":{"specificity":6,"resources":25},"employee mobility":{"specificity":5,"resources":25},"student mobility":{"specificity":1,"resources":20},"short-term cooperation":{"specificity":3,"resources":25}}'),
	(17, 'd', 'Outside of university and company premises', 'Mimo prostory univerzity a firmy', '{"education":{"specificity":0,"resources":0},"management":{"specificity":0,"resources":0},"research projects":{"specificity":1,"resources":0},"commercial projects":{"specificity":2,"resources":0},"employee mobility":{"specificity":0,"resources":0},"student mobility":{"specificity":0,"resources":0},"short-term cooperation":{"specificity":0,"resources":0}}'),
	(18, 'a', 'Personally, the presence of university and company staff at one workplace', 'Osobně, přítomnost pracovníků univerzity a firmy na jednom pracovišti', '{"education":{"specificity":2,"communication":7},"management":{"specificity":1,"communication":7},"research projects":{"specificity":2,"communication":7},"commercial projects":{"specificity":2,"communication":7},"employee mobility":{"specificity":4,"communication":7},"student mobility":{"specificity":2,"communication":7},"short-term cooperation":{"specificity":3,"communication":7}}'),
	(18, 'b', 'Remotely (by phone, email, video / teleconference, etc.)', 'Vzdálené (telefonicky, emailem, video/telekonference atd.)', '{"education":{"specificity":0,"communication":1},"management":{"specificity":2,"communication":5},"research projects":{"specificity":0,"communication":2},"commercial projects":{"specificity":2,"communication":7},"employee mobility":{"specificity":1,"communication":2},"student mobility":{"specificity":0,"communication":4},"short-term cooperation":{"specificity":0,"communication":7}}'),
	(18, 'c', 'Personally and remotely', 'Osobně a vzdáleně', '{"education":{"specificity":1,"communication":2},"management":{"specificity":2,"communication":7},"research projects":{"specificity":1,"communication":5},"commercial projects":{"specificity":2,"communication":7},"employee mobility":{"specificity":2,"communication":7},"student mobility":{"specificity":1,"communication":7},"short-term cooperation":{"specificity":1,"communication":7}}'),
	(19, 'a', 'Once or a couple of days', 'Jednorázově, popřípadě jednotky dnů', '{"education":{"specificity":0,"expectations":0},"management":{"specificity":0,"expectations":0},"research projects":{"specificity":0,"expectations":0},"commercial projects":{"specificity":1,"expectations":0},"employee mobility":{"specificity":0,"expectations":0},"student mobility":{"specificity":0,"expectations":0},"short-term cooperation":{"specificity":7,"expectations":15}}'),
	(19, 'b', 'Several weeks', 'Několik týdnů', '{"education":{"specificity":0,"expectations":0},"management":{"specificity":0,"expectations":0},"research projects":{"specificity":1,"expectations":6},"commercial projects":{"specificity":2,"expectations":8},"employee mobility":{"specificity":3,"expectations":15},"student mobility":{"specificity":0,"expectations":11},"short-term cooperation":{"specificity":7,"expectations":15}}'),
	(19, 'c', 'Half year', 'Půl roku', '{"education":{"specificity":0,"expectations":7},"management":{"specificity":2,"expectations":4},"research projects":{"specificity":3,"expectations":15},"commercial projects":{"specificity":2,"expectations":15},"employee mobility":{"specificity":6,"expectations":15},"student mobility":{"specificity":1,"expectations":15},"short-term cooperation":{"specificity":2,"expectations":2}}'),
	(19, 'd', 'Several years', 'Několik let', '{"education":{"specificity":3,"expectations":15},"management":{"specificity":6,"expectations":15},"research projects":{"specificity":5,"expectations":15},"commercial projects":{"specificity":2,"expectations":12},"employee mobility":{"specificity":1,"expectations":6},"student mobility":{"specificity":3,"expectations":5},"short-term cooperation":{"specificity":0,"expectations":0}}'),
	(19, 'e', 'Longer', 'Více', '{"education":{"specificity":4,"expectations":12},"management":{"specificity":8,"expectations":12},"research projects":{"specificity":6,"expectations":10},"commercial projects":{"specificity":1,"expectations":2},"employee mobility":{"specificity":0,"expectations":0},"student mobility":{"specificity":3,"expectations":0},"short-term cooperation":{"specificity":0,"expectations":0}}'),
	(20, 'a', 'Yes', 'Ano', '{"education":{"expectations":15},"management":{"expectations":15},"research projects":{"expectations":15},"commercial projects":{"expectations":15},"employee mobility":{"expectations":15},"student mobility":{"expectations":15},"short-term cooperation":{"expectations":15}}'),
	(20, 'b', 'Need to be specified', 'Je potřeba doupřesnit', '{"education":{"expectations":0},"management":{"expectations":0},"research projects":{"expectations":0},"commercial projects":{"expectations":0},"employee mobility":{"expectations":0},"student mobility":{"expectations":0},"short-term cooperation":{"expectations":0}}'),
	(21, 'a', 'Yes', 'Ano', '{"management":{"specificity":10,"resources":18}}'),
	(21, 'b', 'No', 'Ne', '{"management":{"specificity":0,"resources":0}}'),
	(22, 'a', 'Yes', 'Ano', '{"student mobility":{"specificity":7}}'),
	(22, 'b', 'No', 'Ne', '{"management":{"specificity":0,"resources":0}}'),
	(23, 'a', 'Yes', 'Ano', '{"student mobility":{"specificity":7}}'),
	(23, 'b', 'No', 'Ne', '{"student mobility":{"specificity":0}}'),
	(24, 'a', 'Yes', 'Ano', '{"student mobility":{"specificity":3}}'),
	(24, 'b', 'No', 'Ne', '{"student mobility":{"specificity":0}}'),
	(25, 'a', 'Yes', 'Ano', '{"education":{"specificity":2},"student mobility":{"specificity":4}}'),
	(25, 'b', 'No', 'Ne', '{"education":{"specificity":0},"student mobility":{"specificity":0}}'),
	(26, 'a', 'Yes', 'Ano', '{"education":{"specificity":2},"student mobility":{"specificity":4}}'),
	(26, 'b', 'No', 'Ne', '{"education":{"specificity":0},"student mobility":{"specificity":0}}'),
	(27, 'a', 'Yes', 'Ano', '{"education":{"people":20},"student mobility":{"people":25}}'),
	(27, 'b', 'No', 'Ne', '{"education":{"people":0},"student mobility":{"people":0}}'),
	(28, 'a', 'Yes', 'Ano', '{"short-term cooperation":{"specificity":10}}'),
	(28, 'b', 'No', 'Ne', '{"short-term cooperation":{"specificity":0}}'),
	(29, 'a', 'On commercial projects', 'Na komerčních projektech', '{"research projects":{"specificity":1},"commercial projects":{"specificity":8}}'),
	(29, 'b', 'On research projects', 'Na výzkumných projektech', '{"research projects":{"specificity":8},"commercial projects":{"specificity":1}}'),
	(29, 'c', 'We do not want to work on projects', 'Nechceme pracovat na projektech', '{"research projects":{"specificity":0},"commercial projects":{"specificity":0}}'),
	(30, 'a', 'Yes', 'Ano', '{"research projects":{"people":26},"commercial projects":{"people":26}}'),
	(30, 'b', 'No, but we are taking this risk into account', 'Ne, ale s tímto rizikem počítáme', '{"research projects":{"people":18},"commercial projects":{"people":18}}'),
	(30, 'c', 'No', 'Ne', '{"research projects":{"people":0},"commercial projects":{"people":0}}'),
	(31, 'a', 'Our company participates in conferences and publishes scientific articles', 'Účastní se vědeckých konferencí a publikuje vědecké články', '{"education":{"specificity":3,"knowledge":10},"research projects":{"specificity":1}}'),
	(31, 'b', 'Our company publishes literature and study materials', 'Publikuje odbornou literaturu, studijní materiály', '{"education":{"specificity":3,"knowledge":10},"research projects":{"specificity":1}}'),
	(31, 'c', 'We have a research department that wants to cooperate', 'Máme výzkumné oddělení, které chce spolupracovat', '{"education":{"specificity":1,"knowledge":10},"research projects":{"specificity":2}}'),
	(31, 'd', 'We want to build a research department', 'Chceme vybudovat výzkumné oddělení', '{"education":{"specificity":0,"knowledge":2},"research projects":{"specificity":2}}'),
	(31, 'e', 'No', 'Ne', '{"education":{"specificity":0,"knowledge":0},"research projects":{"specificity":0}}'),
	(32, 'a', 'Yes', 'Ano', '{"education":{"specificity":5,"knowledge":12}}'),
	(32, 'b', 'No', 'Ne', '{"education":{"specificity":0,"knowledge":0}}'),
	(33, 'a', 'Yes, Doctorate (or higher)', 'Ano, doktorské (nebo vyšší)', '{"education":{"specificity":9,"knowledge":13}}'),
	(33, 'b', 'Yes, Master', 'Ano, magisterské', '{"education":{"specificity":5,"knowledge":9}}'),
	(33, 'c', 'Yes, Bachelor', 'Ano, bakalářské', '{"education":{"specificity":2,"knowledge":5}}'),
	(33, 'd', 'No', 'Nemají vyšší vzdělání', '{"education":{"specificity":0,"knowledge":0}}'),
	(34, 'a', 'Yes', 'Ano', '{"education":{"specificity":3,"people":10,"resources":15}}'),
	(34, 'b', 'No', 'Ne', '{"education":{"specificity":0,"people":0,"resources":0}}'),
	(35, 'a', 'Yes', 'Ano', '{"education":{"specificity":3}}'),
	(35, 'b', 'No', 'Ne', '{"education":{"specificity":1}}'),
	(36, 'a', 'Yes, for business management', 'Ano, pro řízení firmy', '{"management":{"specificity":6},"employee mobility":{"specificity":10}}'),
	(36, 'b', 'Yes, for project consultations', 'Ano, pro konzultace na projektech', '{"management":{"specificity":6},"employee mobility":{"specificity":8}}'),
	(36, 'c', 'Yes, to support employee education', 'Ano, pro podporu vzdělávání zaměstnanců', '{"management":{"specificity":3},"employee mobility":{"specificity":8}}'),
	(36, 'd', 'Yes, for research activities', 'Ano, pro výzkumné aktivity', '{"management":{"specificity":4},"employee mobility":{"specificity":10}}'),
	(36, 'e', 'No', 'Ne', '{"management":{"specificity":0},"employee mobility":{"specificity":0}}'),
	(37, 'a', 'Yes', 'Ano', '{"education":{"specificity":2,"knowledge":5},"short-term cooperation":{"specificity":8,"knowledge":25}}'),
	(37, 'b', 'No', 'Ne', '{"education":{"specificity":1,"knowledge":0},"short-term cooperation":{"specificity":5,"knowledge":10}}'),
	(38, 'a', 'Yes, we would like to share our technologies (software, licenses, technical lab, etc.)', 'Ano, chtěli bychom se podělit svými technologiemi (software, licence, technická laboratoř atd.)', '{"management":{"specificity":4,"knowledge":25,"resources":5},"research projects":{"specificity":3,"knowledge":20,"resources":15}}'),
	(38, 'b', 'Yes, we would like to share our experience (human capacity, know-how, etc.)', 'Ano, chtěli bychom se podělit svými zkušenostmi (lidská kapacita, know-how atd.)', '{"management":{"specificity":4,"knowledge":25,"resources":5},"research projects":{"specificity":3,"knowledge":12,"resources":7}}'),
	(38, 'c', 'No)', 'Ne', '{"management":{"specificity":0,"knowledge":0,"resources":0},"research projects":{"specificity":0,"knowledge":0,"resources":0}}'),
	(39, 'a', 'Yes', 'Ano', '{"education":{"specificity":0},"research projects":{"specificity":1},"commercial projects":{"specificity":2}}'),
	(39, 'b', 'No', 'Ne', '{"education":{"specificity":1},"research projects":{"specificity":2},"commercial projects":{"specificity":2}}');

INSERT INTO comments(content_en, content_cz, condition, comment_type) VALUES
	('Your previous experience of collaboration together was too long ago. Keep in mind that a number of factors may have changed since then, and the current collaboration may differ from what you have experienced.', 'Vaše předchozí zkušenost se spoluprací byla příliš dávno. Berte v úvahu, že od této doby se mohla změnit celá řada parametru a současná spolupráce může se lišit od toho, s čím jste měli zkušenost.', '[7,8]', 'Warning'),
	('Your company has experience in working with academic units. But none of employees who participated in the cooperation stayed in the company. If such employees have not shared their knowledge with other colleagues, it is highly likely that the cooperation will take place as if it is for the first time.', 'Vaše firma má zkušenost se spoluprací s akademickými subjekty. Ale žádný ze zaměstnanců, který se zúčastnil spolupráce, nezůstal ve firmě. Pokud takové zaměstnance se znalosti nepřenesly na své kolegy a kolegyně, s vysokou pravděpodobností bude spolupráce probíhat způsobem, jako by to bylo poprvé.', '[14]', 'Warning'),
	('Think about storing information about previous collaborations in your company, it is very useful for future collaborations and for gaining an overview of experiences in past collaborations.', 'Zamyslete se nad zavedením ve vaší firmě evidence informace o předchozích spolupracích, je to velmi užitečné pro budoucí spolupráce i pro získání přehledu o zkušenostech v již proběhlých spolupracích.', '[18]', 'Info'),
	('The contact person is a very important part of any successful cooperation. Experience shows that without this person, the probability of success is low.', 'Kontaktní osoba je velmi důležitou součástí každé úspěšné spolupráce. Zkušenosti ukazují, že bez této osoby je pravděpodobnost úspěchu malá.', '[28]', 'Danger'),
	('Conducting coordination meetings too often is as bad as it is conducting them rarely. We recommend discus the frequency of such meetings with the academic entity or conducting them approximately once a month in the case of longer cooperation. If it is a short-term cooperation, contact persons (on both sides) will be responsible for the coordination.', 'Provádět koordinační schůzky příliš často je stejně špatně jako i zřídka. Doporučujeme se domluvit s akademickým subjektem na frekvenci takových schůzek nebo provádět cca jednou za měsíc v případě delší spolupráce. Pokud to bude jednorázová spolupráce, za koordinace budou zodpovědný kontaktní osoby (na obou stranách).', '[34,36,38]', 'Warning'),
	('If your employees do not have a dedicated part of their work capacity for cooperation, they will have to devote their free time to cooperation or work at the expense of workload, which has a negative impact on the quality of the results of this cooperation.', 'Pokud vaši zaměstnanci nebudou mít vyhrazenou část své pracovní kapacity pro spolupráci, budou muset věnovat svůj volný čas spolupráci nebo pracovat na úkor pracovní náplně, což má negativní vliv na kvalitu výsledků této spolupráce.', '[47]', 'Danger'),
	('If you do not have a clear idea of what the collaboration will look like — you must at least know exactly what you want to achieve, before the collaboration begins. We recommend conducting a couple of internal meetings with a faculty representative and setting at least basic expectations.', 'Pokud nemáte úplně jasnou představu, jak bude spolupráce vypadat – musíte aspoň přesně vědět, čeho chcete dosáhnout, a to před začátkem spolupráce. Doporučujeme provést par interních schůzek se zástupcem fakulty a stanovit alespoň základní očekávání.', '[68]', 'Danger'),
	('Think about choosing a few mentors in your company who will control students’ work. It also necessary to define rules with the school (semestral project requirements, grades granularity etc.). Students need to get tasks, that are complicated enough so they can learn - not just assistance, and, of course, leave them room to study.', 'Zamyslete se nad určením několika mentorů ve vaší firmě, které budou kontrolovat práce studentů. Definuje i pravidla se školou (podmínky k získání a udělení známky). Studentům je třeba dat kvalitní práce — ne jen pomocné, a, samozřejmě, nechat jim i prostor pro studium.', '[76]', 'Info'),
	('If you are unable to find a replacement with the same experience and dedicated capacity for the leaving employee, that employee needs to provide training for the employees who take over the job. However, it is important that employee have personal motivation to cooperate and not do it just because they have to do it.', 'Pokud nejste schopni najít náhradu se stejnou zkušenosti a vyhrazenou kapacitou, je potřeba, aby odcházející zaměstnanec provedl školení pro zaměstnance, které po něm přebírají práci. Je však důležité, aby člověk měl osobní motivace v spolupráci a nedělal to jenom proto, že musí to dělat.', '[82,89,90]', 'Danger'),
	('If you want to lead a subject at the faculty, keep in mind that the higher the education of your employees, the easier it will be to arrange subject with the university.', 'Pokud chcete vést předmět na fakultě, berte v úvahu, že čím vyšší vzdělání budou mít vaši zaměstnanci, tím jednodušší bude s univerzitou výuku domluvit.', '[100,101,102]', 'Warning'),
	('For the type of cooperation "Education", in addition to professional knowledge, it is important to be able to pass this knowledge correctly to students.', 'Pro typ spolupráce “Výuka”, kromě odborné znalosti, je důležité umět tuto znalost správně předat studentům.', '["education"]', 'Info'),
	('The type of cooperation "Management" is specified by partial university management. Therefore, make sure that the cooperation is beneficial not only for your company, but also for the university.', 'Pro typ spolupráce “Management” je charakteristické částečné řízení školy. Proto dávejte pozor, aby spolupráce byla přínosná nejen pro vaši firmu, ale i pro univerzitu.', '["management"]', 'Info'),
	('For the type of cooperation "Projects", it is recommended for employees of the company and the university to locate in one workplace for more successful cooperation.', 'Pro typ spolupráce “Projekty” je doporučené, aby se zaměstnanci firmy a univerzity nacházeli na jednom pracovišti pro úspěšnější spolupráci.', '["research projects", "commercial projects"]', 'Info'),
	('The type of cooperation "Employee mobility" is specified by the temporary transfer of employees in order to gain new knowledge and experiences.', 'Pro typ spolupráce “Mobilita zaměstnanců” je charakteristický dočasný přesun zaměstnanců za účelem získání nových znalosti a zkušenosti.', '["employee mobility"]', 'Info'),
	('The type of cooperation "Student mobility" is specified by the offer of an internship, thanks to which the student gets an experience and the company gets a young person with new ideas, who can become a new employee.', 'Pro typ spolupráce “Mobilita studentů” je charakteristická nabídka stáže, díky které student získává praxi a firma dostává mladého člověka s novými nápady, ze kterého se může stát nový zaměstnanec.', '["student mobility"]', 'Info'),
	('For Short-term cooperation, it is important that the planned events are interesting to students and take into account that the events themselves, in most cases, take place on the faculty premises.', 'Pro Krátkodobou spolupráci je důležité, aby plánované akce byly zajímavé pro studenty a počítejte s tím, že samotné akce, ve většině případu, probíhají ve prostorech fakulty.', '["short-term cooperation"]', 'Info');